GDP per capita,Social support,Life Expectancy,Freedom,Generosity,Corruption,Actual_Happiness_Score,Country,Year
0.429,1.117,0.433,0.406,0.138,0.082,4.631,Senegal,2018
0.87287,1.01413,0.58628,0.12859,0.20363,0.01829,4.324,Ukraine,2016
0.75216,0.64498,0.05108,0.27854,0.23219,0.0305,4.875,Nigeria,2016
0.46038,0.62736,0.61114,0.66246,0.40359,0.07247,3.819,Cambodia,2015
0.073,0.922,0.443,0.37,0.233,0.033,3.975,Liberia,2019
0.455,0.991,0.381,0.481,0.27,0.097,3.303,Tanzania,2018
1.50394463539124,1.42893922328949,0.810696125030518,0.585384488105774,0.470489829778671,0.282661825418472,7.3769998550415,Netherlands,2017
0.98853,1.08983,0.55469,0.35972,0.34539,0.03285,4.907,Mongolia,2016
1.18157,1.03143,0.72183,0.54388,0.18056,0.21394,6.545,Uruguay,2016
1.5,1.319,0.808,0.493,0.142,0.097,6.021,Kuwait,2019
0.0226431842893362,0.721151351928711,0.113989137113094,0.602126955986023,0.291631311178207,0.282410323619843,5.15100002288818,Somalia,2017
1.004,1.383,0.854,0.282,0.137,0.039,5.603,Serbia,2019
1.301,1.559,0.883,0.533,0.354,0.272,6.814,Israel,2018
1.052,1.538,0.657,0.394,0.244,0.028,5.247,Turkmenistan,2019
1.1,0.842,0.785,0.305,0.27,0.125,4.548,Iran,2019
0.73,1.125,0.269,0.0,0.079,0.061,3.795,Angola,2018
0.271,1.03276,0.33475,0.25861,0.18987,0.08079,4.61,Zimbabwe,2015
0.65435,0.90432,0.16007,0.34334,0.27233,0.0403,5.268,Nigeria,2015
1.002,1.16,0.785,0.086,0.073,0.114,5.211,Algeria,2019
1.31857,0.70697,0.8488,0.29507,0.27906,0.05228,5.546,Cyprus,2016
0.728870630264282,1.25182557106018,0.589465200901031,0.240729048848152,0.208779126405716,0.0100912861526012,5.83799982070923,Moldova,2017
0.512,0.983,0.581,0.431,0.372,0.053,4.509,Kenya,2019
0.872001945972443,1.25558519363403,0.540239989757538,0.531310617923737,0.283488392829895,0.0772232785820961,6.4539999961853,Guatemala,2017
1.29178786277771,1.44571197032928,0.699475347995758,0.520342111587524,0.158465966582298,0.0593078061938286,5.97300004959106,Poland,2017
1.187,1.465,0.812,0.264,0.075,0.064,5.94,Latvia,2019
0.27509,0.60323,0.29981,0.15412,0.1827,0.18437,3.956,Comoros,2016
0.366,1.114,0.433,0.361,0.151,0.089,3.663,Zimbabwe,2019
1.44024,0.94397,0.65696,0.47375,0.17147,0.25772,6.218,Bahrain,2016
1.35943,1.08113,0.77758,0.46823,0.22202,0.12275,7.039,Puerto Rico,2016
0.719,1.584,0.605,0.724,0.328,0.259,6.096,Uzbekistan,2018
0.574,1.122,0.637,0.609,0.232,0.062,4.7,Cambodia,2019
0.835,1.522,0.615,0.541,0.162,0.074,5.681,Paraguay,2018
1.2860119342804,1.34313309192657,0.687763452529907,0.175863519310951,0.0784016624093056,0.0366369374096394,5.32399988174438,Hungary,2017
0.92053,1.00964,0.74836,0.20107,0.19231,0.02617,5.123,Serbia,2015
1.15406,0.92933,0.88213,0.07699,0.0,0.01397,4.857,Greece,2015
0.393,0.437,0.397,0.349,0.175,0.082,4.883,Benin,2019
1.27,1.525,0.884,0.645,0.376,0.142,6.627,Malta,2018
0.667224824428558,0.873664736747742,0.295637726783752,0.423026293516159,0.256923943758011,0.0253363698720932,4.11999988555908,Ghana,2017
0.54649,0.68093,0.40064,0.35571,0.09131,0.07854,4.077,Yemen,2015
0.37545,1.04103,0.07612,0.31767,0.16388,0.12504,4.898,Lesotho,2015
1.45038,1.08383,0.80565,0.54355,0.32865,0.21348,7.119,Austria,2016
0.69429,0.75596,0.58383,0.26755,0.2044,0.06906,4.871,Honduras,2016
1.155,1.266,0.914,0.296,0.119,0.022,5.432,Croatia,2019
1.06353,1.1985,0.79661,0.5421,0.24434,0.0927,6.786,Panama,2015
1.10970628261566,1.41640365123749,0.759509265422821,0.580131649971008,0.214613229036331,0.100106589496136,7.0789999961853,Costa Rica,2017
1.12112903594971,1.23837649822235,0.667464673519135,0.194989055395126,0.197911024093628,0.0881741940975189,5.23699998855591,Montenegro,2017
0.657,1.247,0.672,0.225,0.103,0.066,4.696,Palestinian Territories,2019
0.53,1.416,0.594,0.54,0.281,0.035,5.131,Kyrgyzstan,2018
0.332,1.069,0.443,0.356,0.252,0.06,4.189,Uganda,2019
0.59448,1.01528,0.61826,0.32818,0.20951,0.01615,5.889,Moldova,2015
1.02564,0.80001,0.83947,0.33916,0.21854,0.04582,4.839,Lebanon,2015
0.989701807498932,0.997471392154694,0.520187258720398,0.282110154628754,0.128631442785263,0.114381365478039,4.7350001335144,Egypt,2017
1.10271048545837,0.978613197803497,0.501180469989777,0.288555532693863,0.19963726401329,0.107215754687786,4.49700021743774,Iraq,2017
1.48709726333618,1.4599449634552,0.815328419208527,0.567766189575195,0.316472321748734,0.221060365438461,7.00600004196167,Austria,2017
0.274,0.757,0.505,0.142,0.275,0.078,3.973,Comoros,2019
1.12843120098114,1.43133759498596,0.617144227027893,0.153997123241425,0.0650196298956871,0.0644911229610443,5.25,Venezuela,2017
0.77042,1.10395,0.57407,0.53206,0.47998,0.15445,5.253,Bhutan,2015
1.276,1.455,1.029,0.371,0.261,0.082,7.139,Israel,2019
0.648457288742065,1.2720308303833,0.285349279642105,0.0960980430245399,0.201870024204254,0.136957004666328,4.29199981689453,Mauritania,2017
0.20824,0.66801,0.46721,0.19184,0.21333,0.08124,3.681,Madagascar,2015
1.44787,1.09774,0.81487,0.53466,0.30452,0.28551,6.994,Germany,2016
0.274,0.916,0.555,0.148,0.169,0.041,3.933,Madagascar,2019
0.95578,1.23788,0.86027,0.63376,0.25497,0.10583,7.226,Costa Rica,2015
0.9553,0.50163,0.73007,0.31866,0.1684,0.05301,4.655,Albania,2016
0.191,0.56,0.495,0.443,0.218,0.089,3.41,Malawi,2019
0.438012987375259,0.953855872154236,0.0411347150802612,0.16234202682972,0.216113850474358,0.0535818822681904,3.93600010871887,Chad,2017
1.06931757926941,1.25818979740143,0.65078467130661,0.208715528249741,0.220125883817673,0.0409037806093693,5.39499998092651,Serbia,2017
0.44025,0.59207,0.36291,0.46074,0.18093,0.28105,4.369,Djibouti,2015
0.94,1.41,0.33,0.516,0.103,0.056,4.724,South Africa,2018
0.39047,0.85563,0.57379,0.47216,0.22974,0.15072,4.786,Tajikistan,2015
1.057,1.183,0.571,0.295,0.043,0.055,4.799,Gabon,2019
1.00082039833069,1.28616881370544,0.685636222362518,0.4551981985569,0.150112465023994,0.140134647488594,6.00799989700317,Ecuador,2017
0.71206,1.07284,0.07566,0.30658,0.18259,0.0306,4.867,Swaziland,2015
0.934,1.249,0.674,0.53,0.092,0.034,5.663,Peru,2018
0.315,0.714,0.289,0.025,0.392,0.104,3.582,Haiti,2018
0.89012,0.94675,0.81658,0.51697,0.08185,0.02781,5.14,China,2015
1.043,0.98,0.574,0.241,0.148,0.089,4.437,Iraq,2019
0.68133,0.97841,0.5392,0.57414,0.20536,0.088,5.89,Bolivia,2015
0.08308,1.02626,0.09131,0.34037,0.22269,0.15603,4.971,Mozambique,2015
0.777153134346008,0.396102607250214,0.50053334236145,0.0815394446253777,0.493663728237152,0.151347130537033,3.46199989318848,Syria,2017
1.044,1.303,0.673,0.416,0.133,0.152,5.525,Libya,2019
0.81038,1.15102,0.68741,0.50442,0.2123,0.02299,5.709,Jamaica,2015
0.87867,0.80434,0.81325,0.35733,0.14272,0.06413,4.959,Albania,2015
0.87616,0.68655,0.45569,0.51231,0.23684,0.10771,5.956,Belize,2016
0.737299203872681,1.28721570968628,0.653095960617065,0.447551846504211,0.301674216985703,0.130687981843948,6.07100009918213,Nicaragua,2017
0.996192753314972,0.803685247898102,0.731159746646881,0.381498634815216,0.201312944293022,0.0398642159998417,4.64400005340576,Albania,2017
1.50796,1.04782,0.779,0.48163,0.41077,0.14868,7.104,United States,2016
0.131,0.867,0.221,0.39,0.175,0.099,4.166,Niger,2018
1.09186446666718,1.1462174654007,0.617584645748138,0.233335807919502,0.0694366469979286,0.146096110343933,5.87200021743774,Algeria,2017
1.433,1.457,0.874,0.454,0.28,0.128,6.892,United States,2019
0.885416388511658,1.34012651443481,0.495879292488098,0.501537680625916,0.474054545164108,0.173380389809608,5.01100015640259,Bhutan,2017
1.11312,1.09562,0.72437,0.29671,0.18226,0.06332,5.098,Latvia,2015
0.233442038297653,0.512568831443787,0.315089583396912,0.466914653778076,0.287170469760895,0.0727116540074348,3.97000002861023,Malawi,2017
1.00761,0.98521,0.7095,0.56066,0.37744,0.07521,5.477,Mauritius,2015
0.878114581108093,0.774864435195923,0.59771066904068,0.408158332109451,0.0322099551558495,0.0877631828188896,5.2350001335144,Morocco,2017
1.33766,0.99537,0.84917,0.36432,0.32288,0.08728,7.267,Israel,2016
1.12555,1.27948,0.77903,0.53122,0.16759,0.04212,5.791,Poland,2015
0.0,0.712,0.115,0.674,0.238,0.282,4.982,Somalia,2018
0.36485,0.628,0.0,0.30685,0.23897,0.08196,4.635,Sierra Leone,2016
0.98124,1.23287,0.69702,0.49049,0.14574,0.17521,6.983,Brazil,2015
1.48953,0.84829,0.59267,0.37904,0.15457,0.30008,6.379,Saudi Arabia,2016
1.1614590883255,1.43437945842743,0.708217680454254,0.289231717586517,0.113177694380283,0.0110515309497714,4.71400022506714,Bulgaria,2017
0.81217,0.87877,0.47036,0.54854,0.21674,0.11757,5.279,Philippines,2016
0.97306,0.85974,0.68613,0.4027,0.10074,0.18037,5.976,Ecuador,2016
0.642,1.236,0.828,0.507,0.246,0.078,5.86,Honduras,2019
0.855,1.475,0.777,0.514,0.184,0.08,5.743,Paraguay,2019
1.02787,0.99496,0.57669,0.52259,0.21286,0.12372,5.155,Dominican Republic,2016
0.287,1.163,0.463,0.143,0.108,0.077,3.38,Yemen,2019
0.308,0.95,0.391,0.452,0.22,0.146,4.35,Ethiopia,2018
0.79907,1.20278,0.6739,0.25123,0.15275,0.02961,4.681,Ukraine,2015
0.256,0.813,0.0,0.355,0.238,0.053,4.571,Sierra Leone,2018
0.909784495830536,1.18212509155273,0.596018552780151,0.432452529668808,0.0782579854130745,0.0899809598922729,6.00299978256226,El Salvador,2017
0.8,1.269,0.746,0.535,0.175,0.078,6.436,Guatemala,2019
0.764,1.03,0.551,0.547,0.266,0.164,4.796,Laos,2019
1.34,1.474,0.861,0.586,0.273,0.28,6.965,Germany,2018
0.262,0.908,0.402,0.221,0.155,0.049,3.774,Madagascar,2018
1.08254,0.79624,0.78805,0.25883,0.05444,0.0243,5.759,Croatia,2015
1.27607,0.94367,0.79363,0.44727,0.11691,0.01521,5.123,Portugal,2016
0.8818,0.747,0.61712,0.17288,0.11291,0.06324,4.194,Egypt,2015
0.77109,0.47799,0.28212,0.37938,0.12077,0.09753,4.236,Congo (Brazzaville),2016
1.02389,0.93793,0.64045,0.3703,0.07799,0.16065,5.212,Azerbaijan,2015
0.61202,0.6376,0.23573,0.42662,0.17866,0.11479,4.795,Zambia,2016
0.965,1.179,0.785,0.503,0.214,0.136,5.358,Lebanon,2018
1.39506661891937,1.44492328166962,0.853144347667694,0.256450712680817,0.17278964817524,0.0280280914157629,5.96400022506714,Italy,2017
0.85769921541214,1.25391757488251,0.468009054660797,0.585214674472809,0.193513423204422,0.0993318930268288,5.42999982833862,Philippines,2017
0.44314,0.77416,0.40457,0.31056,0.19103,0.11681,4.219,Senegal,2016
0.916,0.817,0.79,0.419,0.149,0.032,4.586,Albania,2018
0.186,0.541,0.306,0.531,0.21,0.08,3.587,Malawi,2018
0.74553,1.04356,0.64425,0.57733,0.27489,0.09472,6.123,Guatemala,2015
1.27973,1.08268,0.70367,0.23391,0.13837,0.02947,6.078,Slovakia,2016
0.331,1.056,0.38,0.255,0.177,0.113,4.587,Burkina Faso,2019
1.23374843597412,1.37319254875183,0.706156134605408,0.550026834011078,0.21055693924427,0.070983923971653,6.4520001411438,Panama,2017
0.75778,0.8604,0.16683,0.10384,0.12344,0.07122,4.033,Angola,2015
0.88113,0.60429,0.73793,0.26268,0.06431,0.06358,4.739,Tunisia,2015
0.63216,0.91226,0.74676,0.59444,0.1686,0.10441,5.36,Vietnam,2015
0.68042,0.5497,0.38291,0.52168,0.43079,0.22423,4.876,Laos,2016
1.373,1.454,0.987,0.495,0.261,0.265,6.985,Germany,2019
1.219,1.506,0.856,0.633,0.16,0.051,5.948,Slovenia,2018
0.22415,0.3109,0.18829,0.30953,0.29914,0.1192,3.607,Guinea,2016
1.159,1.369,0.92,0.357,0.187,0.056,6.444,Chile,2019
0.831,1.478,0.831,0.49,0.107,0.028,5.89,Jamaica,2019
1.23011,1.31379,0.95562,0.45951,0.18227,0.06398,6.329,Spain,2015
1.067,1.465,0.789,0.235,0.094,0.142,5.323,Belarus,2019
0.964434325695038,1.0984708070755,0.33861181139946,0.520303547382355,0.0771337449550629,0.0931469723582268,4.57399988174438,Namibia,2017
0.986,1.474,0.675,0.493,0.11,0.088,6.419,Brazil,2018
0.48835,0.75602,0.53119,0.43408,0.25998,0.13509,4.996,Tajikistan,2016
0.47038,0.91612,0.29924,0.48827,0.19591,0.12468,5.129,Zambia,2015
1.07937383651733,1.40241670608521,0.574873745441437,0.55258983373642,0.186967849731445,0.113945253193378,5.23000001907349,Dominican Republic,2017
0.591683447360992,0.93538224697113,0.310080915689468,0.249463722109795,0.104125209152699,0.0567674227058887,3.59299993515015,Yemen,2017
1.25114,1.19777,0.95446,0.26236,0.22823,0.02901,5.948,Italy,2015
1.13062,1.04993,0.63104,0.29091,0.13942,0.17457,5.802,Belarus,2016
1.29947,1.05613,0.79151,0.53164,0.25738,0.03635,5.768,Slovenia,2016
0.322,1.09,0.237,0.45,0.259,0.061,4.161,Uganda,2018
0.991012394428253,1.23908889293671,0.604590058326721,0.418421149253845,0.172170460224152,0.11980327218771,5.33599996566772,Jordan,2017
1.251,1.538,0.965,0.449,0.142,0.074,6.31,Spain,2018
1.115,1.161,0.737,0.38,0.12,0.039,5.321,Croatia,2018
0.076,0.858,0.267,0.419,0.206,0.03,3.495,Liberia,2018
1.07498753070831,1.12962424755096,0.735081076622009,0.288515985012054,0.264450758695602,0.037513829767704,5.22499990463257,Lebanon,2017
0.39394,0.18519,0.15781,0.19662,0.25899,0.13015,3.832,South Sudan,2016
0.1327,0.6053,0.26162,0.38041,0.2097,0.17176,3.856,Niger,2016
1.017,1.174,0.417,0.557,0.042,0.092,3.59,Botswana,2018
0.564305365085602,0.946018218994141,0.132892116904259,0.430388748645782,0.236298456788063,0.0513066314160824,4.69500017166138,Cameroon,2017
1.24886,0.75473,0.80029,0.05822,0.0,0.04127,5.033,Greece,2016
0.275,0.572,0.41,0.293,0.177,0.085,4.085,Togo,2019
0.52497,0.62542,0.12698,0.42736,0.2268,0.06126,4.513,Cameroon,2016
2.096,0.776,0.67,0.284,0.186,0.091,6.774,United Arab Emirates,2018
0.45,1.134,0.571,0.292,0.153,0.072,4.681,Senegal,2019
1.35495,1.04167,0.85102,0.18827,0.16684,0.02556,5.977,Italy,2016
0.730573117733002,1.14394497871399,0.582569479942322,0.348079860210419,0.236188873648643,0.0733454525470734,5.18100023269653,Honduras,2017
0.677,0.886,0.535,0.313,0.22,0.098,5.653,Pakistan,2019
0.96,1.439,0.635,0.531,0.099,0.039,6.26,Colombia,2018
0.982409417629242,1.0693359375,0.705186307430267,0.204403176903725,0.328867495059967,0.0,5.18200016021729,Bosnia and Herzegovina,2017
1.25278460979462,1.28402495384216,0.819479703903198,0.376895278692245,0.326662421226501,0.0822879821062088,6.65199995040894,Chile,2017
0.511135876178741,1.04198980331421,0.364509284496307,0.390017777681351,0.354256361722946,0.0660351067781448,3.34899997711182,Tanzania,2017
0.01604,0.41134,0.22562,0.43054,0.33128,0.06977,4.292,Malawi,2015
0.21102,1.13299,0.33861,0.45727,0.29066,0.07267,3.931,Uganda,2015
1.181,1.156,0.999,0.067,0.0,0.034,5.287,Greece,2019
1.21788,0.95025,0.63952,0.27996,0.17445,0.0889,5.56,Latvia,2016
0.10706,0.50353,0.23165,0.25748,0.24063,0.04852,3.622,Liberia,2016
0.64499,0.38174,0.51529,0.39786,0.26475,0.08492,4.565,India,2015
1.33596,1.36948,0.89533,0.61777,0.45901,0.28703,6.94,Ireland,2015
0.54558,0.67954,0.40132,0.42342,0.23087,0.04355,4.633,Ghana,2015
0.069,1.136,0.204,0.312,0.197,0.052,4.245,Congo (Kinshasa),2018
0.950612664222717,0.57061493396759,0.649546980857849,0.309410035610199,0.0540088154375553,0.251666635274887,4.28599977493286,Georgia,2017
0.493,1.048,0.454,0.504,0.352,0.055,4.41,Kenya,2018
1.1982102394104,1.1556202173233,0.356578588485718,0.312328577041626,0.0437853783369064,0.0760467872023582,4.46500015258789,Gabon,2017
1.15687310695648,0.711551249027252,0.639333188533783,0.249322608113289,0.387242913246155,0.048761073499918,4.69199991226196,Iran,2017
0.947,0.848,0.874,0.383,0.178,0.027,4.719,Albania,2019
1.11508,0.7146,0.71143,0.37709,0.11735,0.18355,6.778,Mexico,2016
0.42214,0.63178,0.03824,0.12807,0.18667,0.04952,3.763,Chad,2016
1.13764,1.23617,0.66926,0.36679,0.00199,0.03005,5.716,Russia,2015
1.13145,1.11862,0.7038,0.41668,0.18295,0.11023,5.754,Libya,2015
0.89537,1.17202,0.66825,0.57672,0.21684,0.14234,4.885,Dominican Republic,2015
1.22943,0.95544,0.57386,0.4052,0.15011,0.11132,5.919,Kazakhstan,2016
1.362,1.368,0.871,0.536,0.255,0.11,6.199,Bahrain,2019
0.96,1.274,0.854,0.455,0.083,0.027,5.697,Peru,2019
0.70532,1.03516,0.58114,0.62545,0.24991,0.12279,5.073,Philippines,2015
1.32792,1.29937,0.89186,0.61477,0.28214,0.21843,6.75,Germany,2015
1.396,1.522,0.999,0.557,0.322,0.298,7.488,Netherlands,2019
1.324,1.472,1.045,0.436,0.111,0.183,6.592,France,2019
1.327,1.419,1.088,0.445,0.069,0.14,5.886,Japan,2019
0.886,0.666,0.752,0.346,0.043,0.164,4.519,Georgia,2019
1.372,1.548,1.036,0.557,0.332,0.29,7.228,Australia,2019
1.148,1.38,0.686,0.324,0.106,0.109,5.483,Turkey,2018
1.36135590076447,1.3802285194397,0.519983291625977,0.518630743026733,0.325296461582184,0.0089648161083459,6.16800022125244,Trinidad and Tobago,2017
1.092,1.513,0.815,0.311,0.081,0.004,5.011,Bulgaria,2019
